player_name,player_position,minutes_played,attempted_shots,shots_on_goal,goals,assists,total_passes,key_passes,pass_completion,saves,tackles,blocks,interceptions,conceded_goals,total_duels,won_duels,attempted_dribbles,successful_dribbles,cards,rating,league
A. Kokorin,Attacker,58.16,1.36,0.56,0.35999999999999993,0.0,12.84,0.16,32.89940992,0.0,0.24,0.0,0.64,0.0,6.279999999999999,3.2800000000000002,1.12,0.64,0.2,6.93117842573312,Premier League
D. Glushakov,Midfielder,84.77419354838709,0.6774193548387096,0.22580645161290322,0.12903225806451613,0.0,26.29032258064516,0.3548387096774194,64.15343560135611,0.0,1.3225806451612903,0.1935483870967742,1.2903225806451613,0.0,5.096774193548387,2.2903225806451615,0.5483870967741935,0.16129032258064516,0.25806451612903225,6.824232884260347,Premier League
I. Akinfeev,Goalkeeper,90.0,0.0,0.0,0.0,0.0,12.022222222222222,0.022222222222222223,32.400987654320986,1.7111111111111112,0.0,0.0,0.044444444444444446,0.711111111111111,0.2222222222222222,0.13333333333333333,0.0,0.0,0.022222222222222223,6.6101725145679,Premier League
F. Smolov,Attacker,76.52173913043478,2.0,1.1521739130434783,0.5434782608695652,0.17391304347826086,14.0,0.8043478260869565,47.71545985041506,0.0,0.2608695652173913,0.0,0.32608695652173914,0.0,7.760869565217392,2.7391304347826084,2.1956521739130435,0.8695652173913044,0.15217391304347827,7.0785165768061145,Premier League
A. Golovin,Midfielder,51.97142857142857,0.42857142857142855,0.17142857142857143,0.17142857142857143,0.0,7.657142857142857,0.14285714285714285,48.02055143690129,0.0,0.6285714285714286,0.0,0.2857142857142857,0.0,3.0571428571428574,1.2,0.34285714285714286,0.08571428571428572,0.08571428571428572,5.471856327319617,Premier League
